Mary.Smith@mailbox.gr,2,46,2
Patricia.Johnson@mailbox.hu,2,36,6
Linda.Williams@mailbr.com.br,2,18,5
Barbara.Jones@mailc.net,2,31,2
Elizabeth.Brown@mailcan.com,2,37,6
Jennifer.Davis@mailcc.com,2,4,2
Maria.Miller@mailchoose.co,2,19,2
Susan.Wilson@mailcity.com,2,4,2
Margaret.Moore@mailclub.fr,2,27,5
Dorothy.Taylor@mailclub.net,2,2,4
Lisa.Anderson@mailexcite.com,2,19,4
Nancy.Thomas@mailforce.net,2,21,5
Karen.Jackson@mailftp.com,2,29,2
Betty.White@mailgate.gr,2,25,4
Helen.Harris@mailgenie.net,2,37,6
Sandra.Martin@mailhaven.com,2,3,3
Donna.Thompson@mailhood.com,2,32,5
Carol.Garcia@mailingweb.com,2,24,3
Ruth.Martinez@mailisent.com,2,12,5
Sharon.Robinson@mailite.com,2,27,1
Michelle.Clark@mailme.dk,2,49,6
Laura.Rodriguez@mailmight.com,2,2,1
Sarah.Lewis@mailmij.nl,2,27,2
Kimberly.Lee@mailnew.com,2,11,4
Deborah.Walker@mailops.com,2,4,5
Jessica.Hall@mailoye.com,2,8,3
Shirley.Allen@mailpanda.com,2,21,2
Cynthia.Young@mailpost.zzn.com,2,4,4
Angela.Hernandez@mailpride.com,2,39,6
Melissa.King@mailpuppy.com,2,45,2
Brenda.Wright@mailroom.com,2,5,1
Amy.Lopez@mailru.com,2,19,4
Anna.Hill@mailsent.net,2,18,4
Rebecca.Scott@mailshuttle.com,2,13,5
Virginia.Green@mailstart.com,2,2,1
Kathleen.Adams@mailstartplus.com,2,16,5
Pamela.Baker@mailsurf.com,2,34,5
Martha.Gonzalez@mailtag.com,2,2,4
Debra.Nelson@mailto.de,2,48,4
Amanda.Carter@mailup.net,2,6,6
Stephanie.Mitchell@mailwire.com,2,8,4
Carolyn.Perez@maktoob.com,2,26,1
Christine.Roberts@malayalamtelevision.net,2,10,1
Marie.Turner@manager.de,2,34,5
Janet.Phillips@mantrafreenet.com,2,36,2
Catherine.Campbell@mantramail.com,2,1,6
Frances.Parker@mantraonline.com,2,30,3
Ann.Evans@marchmail.com,2,12,5
Joyce.Edwards@mariah-carey.ml.org,2,40,5
Diane.Collins@mariahc.com,2,21,1
Alice.Stewart@marijuana.nl,2,30,5
Julie.Sanchez@marketing.lu,2,11,5
Heather.Morris@married-not.com,2,50,4
Teresa.Rogers@marsattack.com,2,27,3
Doris.Reed@martindalemail.com,2,49,5
Gloria.Cook@masrawy.com,2,30,6
Evelyn.Morgan@matmail.com,2,39,1
Jean.Bell@mauimail.com,2,3,1
Cheryl.Murphy@mauritius.com,2,42,2
Mildred.Bailey@maxleft.com,2,6,5
Katherine.Rivera@maxmail.co.uk,2,50,1
Joan.Cooper@mbox.com.au,2,22,6
Ashley.Richardson@me-mail.hu,2,35,2
Judith.Cox@me.com,2,33,2
Rose.Howard@medical.net.au,2,23,6
Janice.Ward@medmail.com,2,46,2
Kelly.Torres@medscape.com,2,44,3
Nicole.Peterson@meetingmall.com,2,34,6
Judy.Gray@megago.com,2,13,4
Christina.Ramirez@megamail.pt,2,17,5
Kathy.James@megapoint.com,2,25,1
Theresa.Watson@mehrani.com,2,41,5
Beverly.Brooks@mehtaweb.com,2,38,2
Denise.Kelly@mekhong.com,2,49,3
Tammy.Sanders@melodymail.com,2,34,2
Irene.Price@meloo.com,2,18,2
Jane.Bennett@members.student.com,2,39,5
Lori.Wood@message.hu,2,28,5
Rachel.Barnes@messages.to,2,15,2
Marilyn.Ross@metacrawler.com,2,42,3
Andrea.Henderson@metalfan.com,2,3,2
Kathryn.Coleman@metta.lk,2,14,2
Louise.Jenkins@miatadriver.com,2,2,1
Sara.Perry@miesto.sk,2,2,6
Anne.Powell@mighty.co.za,2,30,6
Jacqueline.Long@miho-nakayama.com,2,10,6
Wanda.Patterson@mikrotamanet.com,2,2,2
Bonnie.Hughes@millionaireintraining.com,2,6,2
Julia.Flores@milmail.com,2,35,2
Ruby.Washington@mindless.com,2,49,5
Lois.Butler@mindspring.com,2,8,2
Tina.Simmons@mini-mail.com,2,5,1
Phyllis.Foster@misery.net,2,35,2
Norma.Gonzales@mittalweb.com,2,9,3
Paula.Bryant@mixmail.com,2,38,6
Diana.Alexander@mjfrogmail.com,2,23,6
Annie.Russell@ml1.net,2,46,1
Lillian.Griffin@mobilbatam.com,2,4,2
Emily.Diaz@mochamail.com,2,13,1
Robin.Hayes@mohammed.com,2,25,2
Peggy.Myers@moldova.cc,2,35,4
Crystal.Ford@moldova.com,2,22,1
Gladys.Hamilton@moldovacc.com,2,34,6
Rita.Graham@money.net,2,45,4
Dawn.Sullivan@montevideo.com.uy,2,14,4
Connie.Wallace@moonman.com,2,5,6
Florence.Woods@moose-mail.com,2,37,2
Tracy.Cole@mortaza.com,2,43,6
Edna.West@mosaicfx.com,2,32,2
Tiffany.Jordan@most-wanted.com,2,40,4
Carmen.Owens@mostlysunny.com,2,4,5
Rosa.Reynolds@motormania.com,2,30,4
Cindy.Fisher@movemail.com,2,48,3
Grace.Ellis@movieluver.com,2,13,3
Wendy.Harrison@mp4.it,2,38,4
Victoria.Gibson@mr-potatohead.com,2,41,1
Edith.Mcdonald@mrpost.com,2,19,6
Kim.Cruz@mscold.com,2,45,1
Sherry.Marshall@msgbox.com,2,6,1
Sylvia.Ortiz@msn.com,2,14,5
Josephine.Gomez@mttestdriver.com,2,1,3
Thelma.Murray@mundomail.net,2,14,1
Shannon.Freeman@munich.com,2,3,6
Sheila.Wells@music.com,2,5,2
Ethel.Webb@musician.org,2,18,1
Ellen.Simpson@musicscene.org,2,43,2
Elaine.Stevens@mailbox.gr,2,19,6
Marjorie.Tucker@mailbox.hu,2,21,4
Carrie.Porter@mailbr.com.br,2,45,3
Charlotte.Hunter@mailc.net,2,45,4
Monica.Hicks@mailcan.com,2,29,3
Esther.Crawford@mailcc.com,2,4,1
Pauline.Henry@mailchoose.co,2,18,2
Emma.Boyd@mailcity.com,2,22,2
Juanita.Mason@mailclub.fr,2,41,2
Anita.Morales@mailclub.net,2,47,4
Rhonda.Kennedy@mailexcite.com,2,50,4
Hazel.Warren@mailforce.net,2,42,4
Amber.Dixon@mailftp.com,2,30,4
Eva.Ramos@mailgate.gr,2,16,6
Debbie.Reyes@mailgenie.net,2,21,1
April.Burns@mailhaven.com,2,5,2
Leslie.Gordon@mailhood.com,2,11,6
Clara.Shaw@mailingweb.com,2,45,4
Lucille.Holmes@mailisent.com,2,45,2
Jamie.Rice@mailite.com,2,49,4
Joanne.Robertson@mailme.dk,2,37,4
Eleanor.Hunt@mailmight.com,2,16,5
Valerie.Black@mailmij.nl,2,39,3
Danielle.Daniels@mailnew.com,2,18,4
Aaron.Palmer@mailops.com,1,24,4
Abdul.Mills@mailoye.com,1,7,4
Abe.Nichols@mailpanda.com,1,36,6
Abel.Grant@mailpost.zzn.com,1,48,2
Abraham.Knight@mailpride.com,1,32,5
Abram.Ferguson@mailpuppy.com,1,4,3
Adalberto.Rose@mailroom.com,1,32,4
Adam.Stone@mailru.com,1,25,6
Adan.Hawkins@mailsent.net,1,34,6
Adolfo.Dunn@mailshuttle.com,1,34,2
Adolph.Perkins@mailstart.com,1,33,2
Adrian.Hudson@mailstartplus.com,1,41,4
Agustin.Spencer@mailsurf.com,1,11,2
Ahmad.Gardner@mailtag.com,1,19,4
Ahmed.Stephens@mailto.de,1,35,4
Al.Payne@mailup.net,1,3,2
Alan.Pierce@mailwire.com,1,13,5
Albert.Berry@maktoob.com,1,18,4
Alberto.Matthews@malayalamtelevision.net,1,48,5
Alden.Arnold@manager.de,1,43,6
Aldo.Wagner@mantrafreenet.com,1,42,5
Alec.Willis@mantramail.com,1,26,4
Alejandro.Ray@mantraonline.com,1,7,6
Alex.Watkins@marchmail.com,1,10,6
Alexander.Olson@mariah-carey.ml.org,1,1,2
Alexis.Carroll@mariahc.com,1,45,6
Alfonso.Duncan@marijuana.nl,1,48,6
Alfonzo.Snyder@marketing.lu,1,17,1
Alfred.Hart@married-not.com,1,21,6
Alfredo.Cunningham@marsattack.com,1,8,5
Ali.Bradley@martindalemail.com,1,44,6
Allan.Lane@masrawy.com,1,33,4
Allen.Andrews@matmail.com,1,39,5
Alonso.Ruiz@mauimail.com,1,41,4
Alonzo.Harper@mauritius.com,1,47,5
Alphonse.Fox@maxleft.com,1,32,3
Alphonso.Riley@maxmail.co.uk,1,30,5
Alton.Armstrong@mbox.com.au,1,35,3
Alva.Carpenter@me-mail.hu,1,28,6
Alvaro.Weaver@me.com,1,1,1
Alvin.Greene@medical.net.au,1,33,5
Amado.Lawrence@medmail.com,1,46,3
Ambrose.Elliott@medscape.com,1,25,6
Amos.Chavez@meetingmall.com,1,26,5
Anderson.Sims@megago.com,1,2,6
Andre.Austin@megamail.pt,1,15,3
Andrea.Peters@megapoint.com,1,13,6
Andreas.Kelley@mehrani.com,1,44,5
Andres.Franklin@mehtaweb.com,1,26,3
Andrew.Lawson@mekhong.com,1,8,1
Andy.Fields@melodymail.com,1,4,3
Angel.Gutierrez@meloo.com,1,2,1
Angelo.Ryan@members.student.com,1,18,4
Anibal.Schmidt@message.hu,1,10,1
Anthony.Carr@messages.to,1,5,4
Antione.Vasquez@metacrawler.com,1,1,6
Antoine.Castillo@metalfan.com,1,5,2
Anton.Wheeler@metta.lk,1,38,3
Antone.Chapman@miatadriver.com,1,14,6
Antonia.Oliver@miesto.sk,1,7,4
Antonio.Montgomery@mighty.co.za,1,32,3
Antony.Richards@miho-nakayama.com,1,11,3
Antwan.Williamson@mikrotamanet.com,1,18,3
Archie.Johnston@millionaireintraining.com,1,49,1
Arden.Banks@milmail.com,1,1,3
Ariel.Meyer@mindless.com,1,39,4
Arlen.Bishop@mindspring.com,1,21,3
Arlie.Mccoy@mini-mail.com,1,12,5
Armand.Howell@misery.net,1,27,1
Armando.Alvarez@mittalweb.com,1,46,6
Arnold.Morrison@mixmail.com,1,41,5
Arnoldo.Hansen@mjfrogmail.com,1,13,4
Arnulfo.Fernandez@ml1.net,1,6,4
Aron.Garza@mobilbatam.com,1,15,1
Arron.Harvey@mochamail.com,1,3,2
Art.Little@mohammed.com,1,18,5
Arthur.Burton@moldova.cc,1,44,6
Arturo.Stanley@moldova.com,1,36,1
Asa.Nguyen@moldovacc.com,1,48,5
Ashley.George@money.net,1,12,1
Aubrey.Jacobs@montevideo.com.uy,1,6,5
